age,ed,employ,address,income,debtinc,creddebt,othdebt,default,preddef1,preddef2,preddef3
41,3,17,12,176,9.3,11.359392,5.008608,1,.808394327359702,.788640431821437,.213043376128119
